,Region,Region_Sales,Region_Orders,Region_Profit,Profit_Margin,Return_Rate
0,Central,1631236.3616,2517,244685.45424,15.0,11.362733412793007
1,East,4159713.287,3445,623956.9930499999,15.0,21.97387518142235
2,South,1554907.3745,1830,233236.106175,15.0,15.245901639344261
3,West,3941392.8355,4668,591208.925325,15.0,41.216795201371035
