,Year,Total_Sales,Total_Orders,Return_Count,Return_Rate,Sales_YoY_Growth,Total_Profit,Profit_YoY_Growth
0,2018,2134318.3989,2454,599,24.409127954360226,0.0,320147.759835,0.0
1,2019,2030173.562,2526,583,23.079968329374505,-4.879536106406379,304526.0343,-4.879536106406368
2,2020,2407594.2816,3184,791,24.842964824120603,18.590564209110717,361139.14223999996,18.590564209110696
3,2021,4715163.6161,4296,1273,29.632216014897576,95.84544007832056,707274.542415,95.84544007832059
